1234567801;Ejecutivo Nombre Test1;Ejecutivo Apellido Test1;20;Ejecutivo Direccion Test1;021234567;0999999999;1
1234567802;Ejecutivo Nombre Test2;Ejecutivo Apellido Test2;20;Ejecutivo Direccion Test2;021234568;0999999999;1
1234567803;Ejecutivo Nombre Test3;Ejecutivo Apellido Test3;20;Ejecutivo Direccion Test3;021234569;0999999999;1
1234567804;Ejecutivo Nombre Test4;Ejecutivo Apellido Test4;20;Ejecutivo Direccion Test4;021234570;0999999999;2
1234567805;Ejecutivo Nombre Test5;Ejecutivo Apellido Test5;20;Ejecutivo Direccion Test5;021234571;0999999999;2
1234567806;Ejecutivo Nombre Test6;Ejecutivo Apellido Test6;20;Ejecutivo Direccion Test6;021234572;0999999999;2
1234567807;Ejecutivo Nombre Test7;Ejecutivo Apellido Test7;20;Ejecutivo Direccion Test7;021234573;0999999999;3
1234567808;Ejecutivo Nombre Test8;Ejecutivo Apellido Test8;20;Ejecutivo Direccion Test8;021234574;0999999999;3
1234567809;Ejecutivo Nombre Test9;Ejecutivo Apellido Test9;20;Ejecutivo Direccion Test9;021234575;0999999999;3
1234567810;Ejecutivo Nombre Test10;Ejecutivo Apellido Test10;20;Ejecutivo Direccion Test10;021234576;0999999999;1
1234567811;Ejecutivo Nombre Test11;Ejecutivo Apellido Test11;20;Ejecutivo Direccion Test11;021234577;0999999999;1
1234567812;Ejecutivo Nombre Test12;Ejecutivo Apellido Test12;20;Ejecutivo Direccion Test12;021234578;0999999999;1
1234567813;Ejecutivo Nombre Test13;Ejecutivo Apellido Test13;20;Ejecutivo Direccion Test13;021234579;0999999999;2
1234567814;Ejecutivo Nombre Test14;Ejecutivo Apellido Test14;20;Ejecutivo Direccion Test14;021234580;0999999999;2
1234567815;Ejecutivo Nombre Test15;Ejecutivo Apellido Test15;20;Ejecutivo Direccion Test15;021234581;0999999999;2
1234567816;Ejecutivo Nombre Test16;Ejecutivo Apellido Test16;20;Ejecutivo Direccion Test16;021234582;0999999999;3
1234567817;Ejecutivo Nombre Test17;Ejecutivo Apellido Test17;20;Ejecutivo Direccion Test17;021234583;0999999999;3
1234567818;Ejecutivo Nombre Test18;Ejecutivo Apellido Test18;20;Ejecutivo Direccion Test18;021234584;0999999999;3
1234567819;Ejecutivo Nombre Test19;Ejecutivo Apellido Test19;20;Ejecutivo Direccion Test19;021234585;0999999999;1
1234567820;Ejecutivo Nombre Test20;Ejecutivo Apellido Test20;20;Ejecutivo Direccion Test20;021234586;0999999999;2
